<?xml version="1.0" encoding="UTF-8"?>
<project-private xmlns="http://www.netbeans.org/ns/project-private/1">
    <editor-bookmarks xmlns="http://www.netbeans.org/ns/editor-bookmarks/2" lastBookmarkId="0"/>
    <open-files xmlns="http://www.netbeans.org/ns/projectui-open-files/2">
        <group>
            <file>file:/C:/Users/Erick%20Zúñiga/OneDrive/Documentos/NetBeansProjects/ProyectoRiteve/src/Vista/GestionUsuarios/FrmModificar.java</file>
            <file>file:/C:/Users/Erick%20Zúñiga/OneDrive/Documentos/NetBeansProjects/ProyectoRiteve/src/Vista/FrmRegistrarse.java</file>
            <file>file:/C:/Users/Erick%20Zúñiga/OneDrive/Documentos/NetBeansProjects/ProyectoRiteve/src/Dao/TecnicoDao.java</file>
            <file>file:/C:/Users/Erick%20Zúñiga/OneDrive/Documentos/NetBeansProjects/ProyectoRiteve/src/Vista/GestionUsuarios/FrmUsuario.java</file>
            <file>file:/C:/Users/Erick%20Zúñiga/OneDrive/Documentos/NetBeansProjects/ProyectoRiteve/src/Dao/VehiculoDao.java</file>
            <file>file:/C:/Users/Erick%20Zúñiga/OneDrive/Documentos/NetBeansProjects/ProyectoRiteve/src/Vista/FrmPrincipal.java</file>
            <file>file:/C:/Users/Erick%20Zúñiga/OneDrive/Documentos/NetBeansProjects/ProyectoRiteve/src/Modelo/Usuario.java</file>
            <file>file:/C:/Users/Erick%20Zúñiga/OneDrive/Documentos/NetBeansProjects/ProyectoRiteve/src/Vista/FrmIniciarSesion.java</file>
            <file>file:/C:/Users/Erick%20Zúñiga/OneDrive/Documentos/NetBeansProjects/ProyectoRiteve/src/Modelo/Revision.java</file>
        </group>
    </open-files>
</project-private>
